<?xml version="1.0" encoding="UTF-8"?>
<con:soapui-project id="52b726ce-e061-4888-b2c7-649db711097d" activeEnvironment="Default" name="usuarios" resourceRoot="${projectDir}" soapui-version="5.8.0" abortOnError="false" runType="SEQUENTIAL" xmlns:con="http://eviware.com/soapui/config"><con:settings/><con:interface xsi:type="con:WsdlInterface" id="28e5bc32-629d-4576-9ea2-3d4372ade640" wsaVersion="NONE" name="UsuariosPortSoap11" type="wsdl" bindingName="{http://www.nextia.com/usuariosService/}UsuariosPortSoap11" soapVersion="1_1" anonymous="optional" definition="http://localhost:8080/ws/usuarios.wsdl" xmlns:xsi="http://www.w3.org/2001/XMLSchema-instance"><con:settings/><con:definitionCache type="TEXT" rootPart="http://localhost:8080/ws/usuarios.wsdl"><con:part><con:url>http://localhost:8080/ws/usuarios.wsdl</con:url><con:content><![CDATA[<wsdl:definitions targetNamespace="http://www.nextia.com/usuariosService/" xmlns:wsdl="http://schemas.xmlsoap.org/wsdl/" xmlns:sch="http://www.nextia.com/usuariosService/" xmlns:soap="http://schemas.xmlsoap.org/wsdl/soap/" xmlns:tns="http://www.nextia.com/usuariosService/">
  <wsdl:types>
    <xsd:schema targetNamespace="http://www.nextia.com/usuariosService/" xmlns:xsd="http://www.w3.org/2001/XMLSchema">
      <xsd:element name="getUsuariosRequest">
        <xsd:complexType>
          <xsd:sequence></xsd:sequence>
        </xsd:complexType>
      </xsd:element>
      <xsd:element name="getUsuariosResponse">
        <xsd:complexType>
          <xsd:sequence>
            <xsd:element maxOccurs="unbounded" minOccurs="0" name="usuario" type="tns:Usuario"/>
          </xsd:sequence>
        </xsd:complexType>
      </xsd:element>
      <xsd:complexType name="Usuario">
        <xsd:sequence>
          <xsd:element name="id" type="xsd:int"/>
          <xsd:element name="nombre" type="xsd:string"/>
          <xsd:element name="apellido" type="xsd:string"/>
          <xsd:element name="telefono" type="xsd:string"/>
          <xsd:element name="email" type="xsd:string"/>
          <xsd:element name="password" type="xsd:string"/>
        </xsd:sequence>
      </xsd:complexType>
      <xsd:element name="getUsuarioRequest">
        <xsd:complexType>
          <xsd:sequence>
            <xsd:element name="id" type="xsd:int"/>
          </xsd:sequence>
        </xsd:complexType>
      </xsd:element>
      <xsd:element name="getUsuarioResponse">
        <xsd:complexType>
          <xsd:sequence>
            <xsd:element name="usuario" type="tns:Usuario"/>
          </xsd:sequence>
        </xsd:complexType>
      </xsd:element>
      <xsd:element name="addUsuarioRequest">
        <xsd:complexType>
          <xsd:sequence>
            <xsd:element name="usuario" type="tns:UsuarioSinId"/>
          </xsd:sequence>
        </xsd:complexType>
      </xsd:element>
      <xsd:element name="addUsuarioResponse">
        <xsd:complexType>
          <xsd:sequence></xsd:sequence>
        </xsd:complexType>
      </xsd:element>
      <xsd:complexType name="UsuarioSinId">
        <xsd:sequence>
          <xsd:element name="nombre" type="xsd:string"/>
          <xsd:element name="apellido" type="xsd:string"/>
          <xsd:element name="telefono" type="xsd:string"/>
          <xsd:element name="email" type="xsd:string"/>
          <xsd:element name="password" type="xsd:string"/>
        </xsd:sequence>
      </xsd:complexType>
      <xsd:element name="deleteUsuarioRequest">
        <xsd:complexType>
          <xsd:sequence>
            <xsd:element name="id" type="xsd:int"/>
          </xsd:sequence>
        </xsd:complexType>
      </xsd:element>
      <xsd:element name="deleteUsuarioResponse">
        <xsd:complexType>
          <xsd:sequence></xsd:sequence>
        </xsd:complexType>
      </xsd:element>
      <xsd:element name="updateUsuarioRequest">
        <xsd:complexType>
          <xsd:sequence>
            <xsd:element name="usuario" type="tns:Usuario"/>
          </xsd:sequence>
        </xsd:complexType>
      </xsd:element>
      <xsd:element name="updateUsuarioResponse">
        <xsd:complexType>
          <xsd:sequence></xsd:sequence>
        </xsd:complexType>
      </xsd:element>
    </xsd:schema>
  </wsdl:types>
  <wsdl:message name="addUsuarioResponse">
    <wsdl:part element="tns:addUsuarioResponse" name="addUsuarioResponse"></wsdl:part>
  </wsdl:message>
  <wsdl:message name="addUsuarioRequest">
    <wsdl:part element="tns:addUsuarioRequest" name="addUsuarioRequest"></wsdl:part>
  </wsdl:message>
  <wsdl:message name="updateUsuarioRequest">
    <wsdl:part element="tns:updateUsuarioRequest" name="updateUsuarioRequest"></wsdl:part>
  </wsdl:message>
  <wsdl:message name="deleteUsuarioResponse">
    <wsdl:part element="tns:deleteUsuarioResponse" name="deleteUsuarioResponse"></wsdl:part>
  </wsdl:message>
  <wsdl:message name="updateUsuarioResponse">
    <wsdl:part element="tns:updateUsuarioResponse" name="updateUsuarioResponse"></wsdl:part>
  </wsdl:message>
  <wsdl:message name="getUsuariosRequest">
    <wsdl:part element="tns:getUsuariosRequest" name="getUsuariosRequest"></wsdl:part>
  </wsdl:message>
  <wsdl:message name="getUsuariosResponse">
    <wsdl:part element="tns:getUsuariosResponse" name="getUsuariosResponse"></wsdl:part>
  </wsdl:message>
  <wsdl:message name="getUsuarioResponse">
    <wsdl:part element="tns:getUsuarioResponse" name="getUsuarioResponse"></wsdl:part>
  </wsdl:message>
  <wsdl:message name="getUsuarioRequest">
    <wsdl:part element="tns:getUsuarioRequest" name="getUsuarioRequest"></wsdl:part>
  </wsdl:message>
  <wsdl:message name="deleteUsuarioRequest">
    <wsdl:part element="tns:deleteUsuarioRequest" name="deleteUsuarioRequest"></wsdl:part>
  </wsdl:message>
  <wsdl:portType name="UsuariosPort">
    <wsdl:operation name="addUsuario">
      <wsdl:input message="tns:addUsuarioRequest" name="addUsuarioRequest"></wsdl:input>
      <wsdl:output message="tns:addUsuarioResponse" name="addUsuarioResponse"></wsdl:output>
    </wsdl:operation>
    <wsdl:operation name="updateUsuario">
      <wsdl:input message="tns:updateUsuarioRequest" name="updateUsuarioRequest"></wsdl:input>
      <wsdl:output message="tns:updateUsuarioResponse" name="updateUsuarioResponse"></wsdl:output>
    </wsdl:operation>
    <wsdl:operation name="deleteUsuario">
      <wsdl:input message="tns:deleteUsuarioRequest" name="deleteUsuarioRequest"></wsdl:input>
      <wsdl:output message="tns:deleteUsuarioResponse" name="deleteUsuarioResponse"></wsdl:output>
    </wsdl:operation>
    <wsdl:operation name="getUsuarios">
      <wsdl:input message="tns:getUsuariosRequest" name="getUsuariosRequest"></wsdl:input>
      <wsdl:output message="tns:getUsuariosResponse" name="getUsuariosResponse"></wsdl:output>
    </wsdl:operation>
    <wsdl:operation name="getUsuario">
      <wsdl:input message="tns:getUsuarioRequest" name="getUsuarioRequest"></wsdl:input>
      <wsdl:output message="tns:getUsuarioResponse" name="getUsuarioResponse"></wsdl:output>
    </wsdl:operation>
  </wsdl:portType>
  <wsdl:binding name="UsuariosPortSoap11" type="tns:UsuariosPort">
    <soap:binding style="document" transport="http://schemas.xmlsoap.org/soap/http"/>
    <wsdl:operation name="addUsuario">
      <soap:operation soapAction=""/>
      <wsdl:input name="addUsuarioRequest">
        <soap:body use="literal"/>
      </wsdl:input>
      <wsdl:output name="addUsuarioResponse">
        <soap:body use="literal"/>
      </wsdl:output>
    </wsdl:operation>
    <wsdl:operation name="updateUsuario">
      <soap:operation soapAction=""/>
      <wsdl:input name="updateUsuarioRequest">
        <soap:body use="literal"/>
      </wsdl:input>
      <wsdl:output name="updateUsuarioResponse">
        <soap:body use="literal"/>
      </wsdl:output>
    </wsdl:operation>
    <wsdl:operation name="deleteUsuario">
      <soap:operation soapAction=""/>
      <wsdl:input name="deleteUsuarioRequest">
        <soap:body use="literal"/>
      </wsdl:input>
      <wsdl:output name="deleteUsuarioResponse">
        <soap:body use="literal"/>
      </wsdl:output>
    </wsdl:operation>
    <wsdl:operation name="getUsuarios">
      <soap:operation soapAction=""/>
      <wsdl:input name="getUsuariosRequest">
        <soap:body use="literal"/>
      </wsdl:input>
      <wsdl:output name="getUsuariosResponse">
        <soap:body use="literal"/>
      </wsdl:output>
    </wsdl:operation>
    <wsdl:operation name="getUsuario">
      <soap:operation soapAction=""/>
      <wsdl:input name="getUsuarioRequest">
        <soap:body use="literal"/>
      </wsdl:input>
      <wsdl:output name="getUsuarioResponse">
        <soap:body use="literal"/>
      </wsdl:output>
    </wsdl:operation>
  </wsdl:binding>
  <wsdl:service name="UsuariosPortService">
    <wsdl:port binding="tns:UsuariosPortSoap11" name="UsuariosPortSoap11">
      <soap:address location="http://localhost:8080/ws"/>
    </wsdl:port>
  </wsdl:service>
</wsdl:definitions>]]></con:content><con:type>http://schemas.xmlsoap.org/wsdl/</con:type></con:part></con:definitionCache><con:endpoints><con:endpoint>http://localhost.localdomain:8088/mockUsuariosPortSoap11</con:endpoint><con:endpoint>http://localhost:8080/ws</con:endpoint></con:endpoints><con:operation id="ee023458-a69e-448a-b0d9-142031f7c085" isOneWay="false" action="" name="addUsuario" bindingOperationName="addUsuario" type="Request-Response" outputName="addUsuarioResponse" inputName="addUsuarioRequest" receivesAttachments="false" sendsAttachments="false" anonymous="optional"><con:settings/><con:call id="32c50a69-aaea-485a-8b40-6b2748ecf8a3" name="Request 1"><con:settings><con:setting id="com.eviware.soapui.impl.wsdl.WsdlRequest@request-headers">&lt;xml-fragment/></con:setting></con:settings><con:encoding>UTF-8</con:encoding><con:endpoint>http://localhost:8080/ws</con:endpoint><con:request><![CDATA[<soapenv:Envelope xmlns:soapenv="http://schemas.xmlsoap.org/soap/envelope/" xmlns:usu="http://www.nextia.com/usuariosService/">
   <soapenv:Header/>
   <soapenv:Body>
      <usu:addUsuarioRequest>
         <usuario>
            <nombre>Beto</nombre>
            <apellido>Juarez</apellido>
            <telefono>5555555555</telefono>
            <email>betoJuarrez@gmail.com</email>
            <password>4bcd</password>
         </usuario>
      </usu:addUsuarioRequest>
   </soapenv:Body>
</soapenv:Envelope>]]></con:request><con:credentials><con:authType>No Authorization</con:authType></con:credentials><con:jmsConfig JMSDeliveryMode="PERSISTENT"/><con:jmsPropertyConfig/><con:wsaConfig mustUnderstand="NONE" version="200508" action="http://www.nextia.com/usuariosService/UsuariosPort/addUsuarioRequest"/><con:wsrmConfig version="1.2"/></con:call></con:operation><con:operation id="d5402550-beba-490b-ba62-d9de2106cbd4" isOneWay="false" action="" name="deleteUsuario" bindingOperationName="deleteUsuario" type="Request-Response" outputName="deleteUsuarioResponse" inputName="deleteUsuarioRequest" receivesAttachments="false" sendsAttachments="false" anonymous="optional"><con:settings/><con:call id="70d7806b-b824-4782-a474-c45bfb3e079c" name="Request 1"><con:settings><con:setting id="com.eviware.soapui.impl.wsdl.WsdlRequest@request-headers">&lt;xml-fragment/></con:setting></con:settings><con:encoding>UTF-8</con:encoding><con:endpoint>http://localhost:8080/ws</con:endpoint><con:request><![CDATA[<soapenv:Envelope xmlns:soapenv="http://schemas.xmlsoap.org/soap/envelope/" xmlns:usu="http://www.nextia.com/usuariosService/">
   <soapenv:Header/>
   <soapenv:Body>
      <usu:deleteUsuarioRequest>
         <id>3</id>
      </usu:deleteUsuarioRequest>
   </soapenv:Body>
</soapenv:Envelope>]]></con:request><con:credentials><con:authType>No Authorization</con:authType></con:credentials><con:jmsConfig JMSDeliveryMode="PERSISTENT"/><con:jmsPropertyConfig/><con:wsaConfig mustUnderstand="NONE" version="200508" action="http://www.nextia.com/usuariosService/UsuariosPort/deleteUsuarioRequest"/><con:wsrmConfig version="1.2"/></con:call></con:operation><con:operation id="07bf9c57-4b9e-41f4-91be-b89f6085fef3" isOneWay="false" action="" name="getUsuario" bindingOperationName="getUsuario" type="Request-Response" outputName="getUsuarioResponse" inputName="getUsuarioRequest" receivesAttachments="false" sendsAttachments="false" anonymous="optional"><con:settings/><con:call id="b1a044da-baf5-4364-9f99-a96ebfbf4284" name="Request 1"><con:settings><con:setting id="com.eviware.soapui.impl.wsdl.WsdlRequest@request-headers">&lt;xml-fragment/></con:setting></con:settings><con:encoding>UTF-8</con:encoding><con:endpoint>http://localhost:8080/ws</con:endpoint><con:request><![CDATA[<soapenv:Envelope xmlns:soapenv="http://schemas.xmlsoap.org/soap/envelope/" xmlns:usu="http://www.nextia.com/usuariosService/">
   <soapenv:Header/>
   <soapenv:Body>
      <usu:getUsuarioRequest>
         <id>4</id>
      </usu:getUsuarioRequest>
   </soapenv:Body>
</soapenv:Envelope>]]></con:request><con:credentials><con:authType>No Authorization</con:authType></con:credentials><con:jmsConfig JMSDeliveryMode="PERSISTENT"/><con:jmsPropertyConfig/><con:wsaConfig mustUnderstand="NONE" version="200508" action="http://www.nextia.com/usuariosService/UsuariosPort/getUsuarioRequest"/><con:wsrmConfig version="1.2"/></con:call></con:operation><con:operation id="601d8dbd-ea14-4e5f-abaf-41da038fbf35" isOneWay="false" action="" name="getUsuarios" bindingOperationName="getUsuarios" type="Request-Response" outputName="getUsuariosResponse" inputName="getUsuariosRequest" receivesAttachments="false" sendsAttachments="false" anonymous="optional"><con:settings/><con:call id="5eac3227-16c7-4bb4-8eef-ea414b22b2b9" name="Request 1"><con:settings><con:setting id="com.eviware.soapui.impl.wsdl.WsdlRequest@request-headers">&lt;xml-fragment/></con:setting></con:settings><con:encoding>UTF-8</con:encoding><con:endpoint>http://localhost:8080/ws</con:endpoint><con:request><![CDATA[<soapenv:Envelope xmlns:soapenv="http://schemas.xmlsoap.org/soap/envelope/" xmlns:usu="http://www.nextia.com/usuariosService/">
   <soapenv:Header/>
   <soapenv:Body>
      <usu:getUsuariosRequest/>
   </soapenv:Body>
</soapenv:Envelope>]]></con:request><con:credentials><con:authType>No Authorization</con:authType></con:credentials><con:jmsConfig JMSDeliveryMode="PERSISTENT"/><con:jmsPropertyConfig/><con:wsaConfig mustUnderstand="NONE" version="200508" action="http://www.nextia.com/usuariosService/UsuariosPort/getUsuariosRequest"/><con:wsrmConfig version="1.2"/></con:call></con:operation><con:operation id="2e087b0b-5abe-44bb-bda2-ac845f5d1c21" isOneWay="false" action="" name="updateUsuario" bindingOperationName="updateUsuario" type="Request-Response" outputName="updateUsuarioResponse" inputName="updateUsuarioRequest" receivesAttachments="false" sendsAttachments="false" anonymous="optional"><con:settings/><con:call id="3dbaed50-dc7f-4922-bc1e-83cc3da1fe87" name="Request 1"><con:settings/><con:encoding>UTF-8</con:encoding><con:endpoint>http://localhost:8080/ws</con:endpoint><con:request><![CDATA[<soapenv:Envelope xmlns:soapenv="http://schemas.xmlsoap.org/soap/envelope/" xmlns:usu="http://www.nextia.com/usuariosService/">
   <soapenv:Header/>
   <soapenv:Body>
      <usu:updateUsuarioRequest>
         <usuario>
            <id>?</id>
            <nombre>?</nombre>
            <apellido>?</apellido>
            <telefono>?</telefono>
            <email>?</email>
            <password>?</password>
         </usuario>
      </usu:updateUsuarioRequest>
   </soapenv:Body>
</soapenv:Envelope>]]></con:request><con:wsaConfig mustUnderstand="NONE" version="200508" action="http://www.nextia.com/usuariosService/UsuariosPort/updateUsuarioRequest"/></con:call></con:operation></con:interface><con:mockService id="2fa364af-a707-4301-a0f6-fceadd335307" port="8088" path="/mockUsuariosPortSoap11" host="localhost.localdomain" name="UsuariosPortSoap11 MockService"><con:settings><con:setting id="com.eviware.soapui.impl.wsdl.mock.WsdlMockService@require-soap-action">false</con:setting></con:settings><con:properties/><con:mockOperation name="addUsuario" id="ecb3b1b5-0f96-4dc6-b01f-687922aec191" interface="UsuariosPortSoap11" operation="addUsuario"><con:settings/><con:defaultResponse>Response 1</con:defaultResponse><con:dispatchStyle>SEQUENCE</con:dispatchStyle><con:response name="Response 1" id="c33db57c-e521-4640-90f2-4367afab1e4b" httpResponseStatus="200" encoding="UTF-8"><con:settings/><con:responseContent><![CDATA[<soapenv:Envelope xmlns:soapenv="http://schemas.xmlsoap.org/soap/envelope/" xmlns:usu="http://www.nextia.com/usuariosService/">
   <soapenv:Header/>
   <soapenv:Body>
      <usu:addUsuarioResponse/>
   </soapenv:Body>
</soapenv:Envelope>]]></con:responseContent><con:wsaConfig mustUnderstand="NONE" version="200508" action="http://www.nextia.com/usuariosService/UsuariosPort/addUsuarioResponse"/></con:response><con:dispatchConfig/></con:mockOperation><con:mockOperation name="deleteUsuario" id="c42085b4-fa3a-4a90-8ef4-3e133e9a43f1" interface="UsuariosPortSoap11" operation="deleteUsuario"><con:settings/><con:defaultResponse>Response 1</con:defaultResponse><con:dispatchStyle>SEQUENCE</con:dispatchStyle><con:response name="Response 1" id="67831705-536f-47fd-81c3-8fbb9a48b8a0" httpResponseStatus="200" encoding="UTF-8"><con:settings/><con:responseContent><![CDATA[<soapenv:Envelope xmlns:soapenv="http://schemas.xmlsoap.org/soap/envelope/" xmlns:usu="http://www.nextia.com/usuariosService/">
   <soapenv:Header/>
   <soapenv:Body>
      <usu:deleteUsuarioResponse/>
   </soapenv:Body>
</soapenv:Envelope>]]></con:responseContent><con:wsaConfig mustUnderstand="NONE" version="200508" action="http://www.nextia.com/usuariosService/UsuariosPort/deleteUsuarioResponse"/></con:response><con:dispatchConfig/></con:mockOperation><con:mockOperation name="getUsuario" id="23117bd5-d95f-47c0-a4d0-6143aef96918" interface="UsuariosPortSoap11" operation="getUsuario"><con:settings/><con:defaultResponse>Response 1</con:defaultResponse><con:dispatchStyle>SEQUENCE</con:dispatchStyle><con:response name="Response 1" id="46366172-17f8-47b1-8d15-0790e168adea" httpResponseStatus="200" encoding="UTF-8"><con:settings/><con:responseContent><![CDATA[<soapenv:Envelope xmlns:soapenv="http://schemas.xmlsoap.org/soap/envelope/" xmlns:usu="http://www.nextia.com/usuariosService/">
   <soapenv:Header/>
   <soapenv:Body>
      <usu:getUsuarioResponse>
         <usuario>
            <id>?</id>
            <nombre>?</nombre>
            <apellido>?</apellido>
            <telefono>?</telefono>
            <email>?</email>
            <password>?</password>
         </usuario>
      </usu:getUsuarioResponse>
   </soapenv:Body>
</soapenv:Envelope>]]></con:responseContent><con:wsaConfig mustUnderstand="NONE" version="200508" action="http://www.nextia.com/usuariosService/UsuariosPort/getUsuarioResponse"/></con:response><con:dispatchConfig/></con:mockOperation><con:mockOperation name="getUsuarios" id="e32fa176-3dca-4663-af3b-5bada855b695" interface="UsuariosPortSoap11" operation="getUsuarios"><con:settings/><con:defaultResponse>Response 1</con:defaultResponse><con:dispatchStyle>SEQUENCE</con:dispatchStyle><con:response name="Response 1" id="01a3dbce-b948-426c-a3ab-ca19593b4b3d" httpResponseStatus="200" encoding="UTF-8"><con:settings/><con:responseContent><![CDATA[<soapenv:Envelope xmlns:soapenv="http://schemas.xmlsoap.org/soap/envelope/" xmlns:usu="http://www.nextia.com/usuariosService/">
   <soapenv:Header/>
   <soapenv:Body>
      <usu:getUsuariosResponse>
         <!--Zero or more repetitions:-->
         <usuario>
            <id>?</id>
            <nombre>?</nombre>
            <apellido>?</apellido>
            <telefono>?</telefono>
            <email>?</email>
            <password>?</password>
         </usuario>
      </usu:getUsuariosResponse>
   </soapenv:Body>
</soapenv:Envelope>]]></con:responseContent><con:wsaConfig mustUnderstand="NONE" version="200508" action="http://www.nextia.com/usuariosService/UsuariosPort/getUsuariosResponse"/></con:response><con:dispatchConfig/></con:mockOperation><con:mockOperation name="updateUsuario" id="c44c0eb5-d2c1-4892-9c22-5c728fc73425" interface="UsuariosPortSoap11" operation="updateUsuario"><con:settings/><con:defaultResponse>Response 1</con:defaultResponse><con:dispatchStyle>SEQUENCE</con:dispatchStyle><con:response name="Response 1" id="e6f68d3b-bca1-4a45-8770-4d8a163055bc" httpResponseStatus="200" encoding="UTF-8"><con:settings/><con:responseContent><![CDATA[<soapenv:Envelope xmlns:soapenv="http://schemas.xmlsoap.org/soap/envelope/" xmlns:usu="http://www.nextia.com/usuariosService/">
   <soapenv:Header/>
   <soapenv:Body>
      <usu:updateUsuarioResponse/>
   </soapenv:Body>
</soapenv:Envelope>]]></con:responseContent><con:wsaConfig mustUnderstand="NONE" version="200508" action="http://www.nextia.com/usuariosService/UsuariosPort/updateUsuarioResponse"/></con:response><con:dispatchConfig/></con:mockOperation></con:mockService><con:properties/><con:wssContainer/><con:oAuth2ProfileContainer/><con:oAuth1ProfileContainer/></con:soapui-project>